<?xml version="1.0" encoding="UTF-8"?>
<project-private xmlns="http://www.netbeans.org/ns/project-private/1">
    <editor-bookmarks xmlns="http://www.netbeans.org/ns/editor-bookmarks/2" lastBookmarkId="0"/>
    <open-files xmlns="http://www.netbeans.org/ns/projectui-open-files/2">
        <group>
            <file>file:/Users/ram/Downloads/AEDProject_VitalSigns-master/AEDProject_VitalSigns/src/userInteface/MainJFrame.java</file>
            <file>file:/Users/ram/Downloads/AEDProject_VitalSigns-master/AEDProject_VitalSigns/src/userInteface/Patient/ManageVitalSignsJPanel.java</file>
            <file>file:/Users/ram/Downloads/AEDProject_VitalSigns-master/AEDProject_VitalSigns/src/userInteface/Patient/PatientManagerWorkAreaJPanel.java</file>
            <file>file:/Users/ram/Downloads/AEDProject_VitalSigns-master/AEDProject_VitalSigns/src/userInteface/Patient/ManagePatientsJPanel.java</file>
            <file>file:/Users/ram/Downloads/AEDProject_VitalSigns-master/AEDProject_VitalSigns/src/userInteface/Patient/ViewUpdatePatientDetailsJPanel.java</file>
            <file>file:/Users/ram/Downloads/AEDProject_VitalSigns-master/AEDProject_VitalSigns/src/business/MyNumericVerifier.java</file>
            <file>file:/Users/ram/Downloads/AEDProject_VitalSigns-master/AEDProject_VitalSigns/src/userInteface/Person/ManagePersonsJPanel.java</file>
            <file>file:/Users/ram/Downloads/AEDProject_VitalSigns-master/AEDProject_VitalSigns/src/business/Person.java</file>
            <file>file:/Users/ram/Downloads/AEDProject_VitalSigns-master/AEDProject_VitalSigns/src/business/VitalSignHistory.java</file>
            <file>file:/Users/ram/Downloads/AEDProject_VitalSigns-master/AEDProject_VitalSigns/src/userInteface/Patient/ViewUpdateVitalSignsJPanel.java</file>
            <file>file:/Users/ram/Downloads/AEDProject_VitalSigns-master/AEDProject_VitalSigns/src/userInteface/Person/ViewUpdatePersonDetailsJPanel.java</file>
            <file>file:/Users/ram/Downloads/AEDProject_VitalSigns-master/AEDProject_VitalSigns/src/business/VitalSign.java</file>
            <file>file:/Users/ram/Downloads/AEDProject_VitalSigns-master/AEDProject_VitalSigns/src/business/MyStringVerifier.java</file>
            <file>file:/Users/ram/Downloads/AEDProject_VitalSigns-master/AEDProject_VitalSigns/src/userInteface/Person/CreatePersonJPanel.java</file>
            <file>file:/Users/ram/Downloads/AEDProject_VitalSigns-master/AEDProject_VitalSigns/src/userInteface/Patient/CreatePatientJPanel.java</file>
            <file>file:/Users/ram/Downloads/AEDProject_VitalSigns-master/AEDProject_VitalSigns/src/business/Patient.java</file>
            <file>file:/Users/ram/Downloads/AEDProject_VitalSigns-master/AEDProject_VitalSigns/src/business/PersonDirectory.java</file>
            <file>file:/Users/ram/Downloads/AEDProject_VitalSigns-master/AEDProject_VitalSigns/src/userInteface/Patient/CreateVitalSignJPanel.java</file>
        </group>
    </open-files>
</project-private>
